1	-1.26256
2	-0.0381958
3	-0.0351844
4	-0.034928
5	-0.034278
6	-0.0346424
7	-0.0347777
8	-0.0352077
9	-0.0354208
10	-0.0357187
11	-0.0358553
12	-0.0360157
13	-0.0360513
14	-0.0360836
15	-0.0360156
16	-0.0359327
17	-0.0357666
18	-0.0355803
19	-0.0353226
20	-0.0350422
21	-0.0346994
22	-0.0343327
23	-0.0339103
24	-0.0334639
25	-0.0329671
26	-0.0324466
27	-0.03188
28	-0.0312903
29	-0.0306583
30	-0.030004
31	-0.0293107
32	-0.0285963
33	-0.0278459
34	-0.0270756
35	-0.026272
36	-0.0254501
37	-0.0245977
38	-0.0237284
39	-0.0228313
40	-0.0219189
41	-0.0209813
42	-0.02003
43	-0.0190557
44	-0.0180693
45	-0.017062
46	-0.0160438
47	-0.0150066
48	-0.0139597
49	-0.0128955
50	-0.0118227
51	-0.0107341
52	-0.00963817
53	-0.00852804
54	-0.0074116
55	-0.00628259
56	-0.00514841
57	-0.0040032
58	-0.00285396
59	-0.00169514
60	-0.000533343
61	0.000636717
62	0.00180882
63	0.00298802
64	0.00416846
65	0.00535498
66	0.00654207
67	0.00773435
68	0.00892661
69	0.0101233
70	0.0113193
71	0.012519
72	0.0137176
73	0.0149191
74	0.0161189
75	0.0173208
76	0.0185205
77	0.0197214
78	0.0209196
79	0.0221182
80	0.0233133
81	0.024508
82	0.0256986
83	0.0268881
84	0.0280727
85	0.0292553
86	0.0304325
87	0.0316068
88	0.032775
89	0.0339396
90	0.0350975
91	0.036251
92	0.0373971
93	0.0385382
94	0.0396712
95	0.0407985
96	0.0419171
97	0.0430293
98	0.0441323
99	0.0452281
100	0.0463142
101	0.0473925
102	0.0484605
103	0.0495201
104	0.0505689
105	0.0516088
106	0.0526375
107	0.0536567
108	0.0546645
109	0.0556624
110	0.0566486
111	0.0576246
112	0.0585887
113	0.0595426
114	0.0604844
115	0.0614158
116	0.0623353
117	0.0632443
118	0.0641415
119	0.0650284
120	0.0659035
121	0.0667685
122	0.067622
123	0.0684655
124	0.0692977
125	0.0701201
126	0.0709315
127	0.0717333
128	0.0725243
129	0.0733059
130	0.0740769
131	0.0748388
132	0.0755903
133	0.0763327
134	0.0770649
135	0.0777882
136	0.0785014
137	0.0792058
138	0.0799001
139	0.0805856
140	0.0812612
141	0.081928
142	0.082585
143	0.0832331
144	0.0838714
145	0.0845008
146	0.0851205
147	0.0857313
148	0.0863324
149	0.0869247
150	0.0875072
151	0.0880811
152	0.0886453
153	0.0892008
154	0.0897469
155	0.0902844
156	0.0908126
157	0.0913324
158	0.0918431
159	0.0923456
160	0.0928392
161	0.0933249
162	0.0938018
163	0.0942711
164	0.0947319
165	0.0951854
166	0.0956306
167	0.0960686
168	0.0964988
169	0.0969219
170	0.0973375
171	0.0977462
172	0.0981475
173	0.0985423
174	0.0989298
175	0.099311
176	0.099685
177	0.100053
178	0.100414
179	0.100768
180	0.101116
181	0.101458
182	0.101793
183	0.102122
184	0.102445
185	0.102761
186	0.103071
187	0.103375
188	0.103673
189	0.103964
190	0.10425
191	0.104529
192	0.104802
193	0.10507
194	0.105331
195	0.105587
196	0.105836
197	0.106081
198	0.106319
199	0.106552
200	0.106779
201	0.107001
202	0.107217
203	0.107428
204	0.107633
205	0.107834
206	0.10803
207	0.10822
208	0.108406
209	0.108586
210	0.108762
211	0.108934
212	0.1091
213	0.109262
214	0.109419
215	0.109572
216	0.109721
217	0.109865
218	0.110005
219	0.11014
220	0.110271
221	0.110399
222	0.110521
223	0.11064
224	0.110754
225	0.110865
226	0.110971
227	0.111074
228	0.111172
229	0.111267
230	0.111357
231	0.111443
232	0.111526
233	0.111605
234	0.11168
235	0.111751
236	0.111818
237	0.111882
238	0.111942
239	0.111999
240	0.112052
241	0.112101
242	0.112147
243	0.11219
244	0.112229
245	0.112265
246	0.112297
247	0.112327
248	0.112353
249	0.112376
250	0.112396
251	0.112413
252	0.112427
253	0.112438
254	0.112446
255	0.112451
256	0.112453
257	0.112453
258	0.11245
259	0.112444
260	0.112436
261	0.112425
262	0.112411
263	0.112395
264	0.112376
265	0.112355
266	0.112331
267	0.112306
268	0.112277
269	0.112247
270	0.112214
271	0.112179
272	0.112142
273	0.112103
274	0.112062
275	0.112018
276	0.111973
277	0.111926
278	0.111876
279	0.111825
280	0.111772
281	0.111718
282	0.111661
283	0.111603
284	0.111543
285	0.111482
286	0.111418
287	0.111354
288	0.111287
289	0.11122
290	0.11115
291	0.11108
292	0.111008
293	0.110934
294	0.110859
295	0.110784
296	0.110706
297	0.110628
298	0.110548
299	0.110467
300	0.110385
301	0.110301
302	0.110217
303	0.110132
304	0.110045
305	0.109958
306	0.10987
307	0.10978
308	0.10969
309	0.109599
310	0.109507
311	0.109414
312	0.109321
313	0.109227
314	0.109131
315	0.109036
316	0.108939
317	0.108842
318	0.108744
319	0.108646
320	0.108547
321	0.108447
322	0.108347
323	0.108246
324	0.108145
325	0.108043
326	0.107941
327	0.107838
328	0.107735
329	0.107631
330	0.107527
331	0.107423
332	0.107318
333	0.107212
334	0.107107
335	0.107001
336	0.106894
337	0.106787
338	0.10668
339	0.106573
340	0.106465
341	0.106357
342	0.106248
343	0.10614
344	0.106031
345	0.105921
346	0.105812
347	0.105702
348	0.105592
349	0.105482
350	0.105372
351	0.105261
352	0.105151
353	0.10504
354	0.104929
355	0.104818
356	0.104707
357	0.104596
358	0.104484
359	0.104373
360	0.104261
361	0.10415
362	0.104038
363	0.103926
364	0.103814
365	0.103703
366	0.103591
367	0.103479
368	0.103368
369	0.103256
370	0.103144
371	0.103033
372	0.102921
373	0.10281
374	0.102698
375	0.102587
376	0.102476
377	0.102365
378	0.102254
379	0.102143
380	0.102032
381	0.101921
382	0.101811
383	0.101701
384	0.10159
385	0.10148
386	0.101371
387	0.101261
388	0.101151
389	0.101042
390	0.100933
391	0.100824
392	0.100716
393	0.100607
394	0.100499
395	0.100391
396	0.100283
397	0.100176
398	0.100068
399	0.0999614
400	0.0998546
401	0.0997482
402	0.0996419
403	0.0995359
404	0.0994302
405	0.0993248
406	0.0992196
407	0.0991148
408	0.0990101
409	0.0989059
410	0.0988018
411	0.0986981
412	0.0985947
413	0.0984916
414	0.0983887
415	0.0982862
416	0.0981839
417	0.098082
418	0.0979803
419	0.0978791
420	0.097778
421	0.0976773
422	0.0975769
423	0.0974768
424	0.0973769
425	0.0972774
426	0.0971781
427	0.0970792
428	0.0969804
429	0.096882
430	0.0967838
431	0.0966859
432	0.0965881
433	0.0964907
434	0.0963933
435	0.0962961
436	0.096199
437	0.0961021
438	0.0960051
439	0.0959082
440	0.0958111
441	0.0957141
442	0.0956167
443	0.0955191
444	0.0954211
445	0.0953227
446	0.0952236
447	0.0951238
448	0.0950231
449	0.0949214
450	0.0948183
451	0.0947139
452	0.0946077
453	0.0944996
454	0.0943892
455	0.0942763
456	0.0941603
457	0.0940412
458	0.0939182
459	0.0937912
460	0.0936594
461	0.0935224
462	0.0933796
463	0.0932304
464	0.093074
465	0.0929099
466	0.0927371
467	0.0925549
468	0.0923623
469	0.0921585
470	0.0919425
471	0.0917132
472	0.0914694
473	0.0912102
474	0.0909341
475	0.0906401
476	0.0903268
477	0.0899928
478	0.0896366
479	0.0892571
480	0.0888524
481	0.0884212
482	0.0879619
483	0.087473
484	0.0869527
485	0.0863996
486	0.0858119
487	0.0851882
488	0.0845265
489	0.0838256
490	0.0830835
491	0.082299
492	0.0814703
493	0.080596
494	0.0796746
495	0.0787049
496	0.0776854
497	0.076615
498	0.0754924
499	0.0743166
500	0.0730867
501	0.0718019
502	0.0704613
503	0.0690644
504	0.0676107
505	0.0661
506	0.0645319
507	0.0629065
508	0.0612238
509	0.0594841
510	0.0576879
511	0.0558357
512	0.0539282
513	0.0519665
514	0.0499514
515	0.0478844
516	0.0457667
517	0.0436
518	0.0413859
519	0.0391263
520	0.0368232
521	0.0344787
522	0.0320952
523	0.029675
524	0.0272206
525	0.0247347
526	0.0222201
527	0.0196795
528	0.0171159
529	0.0145324
530	0.0119318
531	0.00931753
532	0.00669251
533	0.00406009
534	0.00142338
535	-0.00121427
536	-0.00384973
537	-0.00647966
538	-0.00910094
539	-0.0117103
540	-0.0143047
541	-0.0168808
542	-0.0194359
543	-0.0219667
544	-0.0244704
545	-0.0269442
546	-0.0293854
547	-0.0317912
548	-0.0341591
549	-0.0364867
550	-0.0387716
551	-0.0410116
552	-0.0432046
553	-0.0453486
554	-0.0474417
555	-0.0494822
556	-0.0514686
557	-0.0533991
558	-0.0552727
559	-0.057088
560	-0.0588439
561	-0.0605395
562	-0.0621739
563	-0.0637464
564	-0.0652564
565	-0.0667034
566	-0.0680872
567	-0.0694073
568	-0.0706637
569	-0.0718564
570	-0.0729854
571	-0.0740508
572	-0.0750531
573	-0.0759924
574	-0.0768693
575	-0.0776842
576	-0.0784379
577	-0.0791308
578	-0.0797638
579	-0.0803376
580	-0.0808532
581	-0.0813113
582	-0.081713
583	-0.0820593
584	-0.0823511
585	-0.0825896
586	-0.082776
587	-0.0829111
588	-0.0829964
589	-0.0830329
590	-0.0830219
591	-0.0829645
592	-0.082862
593	-0.0827156
594	-0.0825265
595	-0.082296
596	-0.0820253
597	-0.0817156
598	-0.0813682
599	-0.0809843
600	-0.0805651
601	-0.0801118
602	-0.0796257
603	-0.0791078
604	-0.0785593
605	-0.0779815
606	-0.0773754
607	-0.0767421
608	-0.0760828
609	-0.0753985
610	-0.0746902
611	-0.0739591
612	-0.0732062
613	-0.0724323
614	-0.0716385
615	-0.0708258
616	-0.0699951
617	-0.0691473
618	-0.0682833
619	-0.0674039
620	-0.06651
621	-0.0656023
622	-0.0646819
623	-0.0637493
624	-0.0628053
625	-0.0618507
626	-0.0608862
627	-0.0599125
628	-0.0589303
629	-0.0579402
630	-0.0569428
631	-0.0559388
632	-0.0549288
633	-0.0539134
634	-0.052893
635	-0.0518683
636	-0.0508398
637	-0.049808
638	-0.0487733
639	-0.0477363
640	-0.0466975
641	-0.0456572
642	-0.0446159
643	-0.043574
644	-0.042532
645	-0.0414901
646	-0.0404488
647	-0.0394084
648	-0.0383694
649	-0.0373319
650	-0.0362964
651	-0.0352632
652	-0.0342325
653	-0.0332046
654	-0.0321798
655	-0.0311584
656	-0.0301406
657	-0.0291267
658	-0.0281169
659	-0.0271114
660	-0.0261104
661	-0.0251142
662	-0.0241228
663	-0.0231365
664	-0.0221555
665	-0.0211799
666	-0.0202098
667	-0.0192454
668	-0.0182868
669	-0.0173341
670	-0.0163874
671	-0.0154468
672	-0.0145123
673	-0.0135841
674	-0.0126622
675	-0.0117465
676	-0.0108371
677	-0.00993408
678	-0.00903732
679	-0.00814678
680	-0.00726245
681	-0.0063842
682	-0.00551199
683	-0.00464564
684	-0.00378506
685	-0.00293003
686	-0.00208038
687	-0.00123586
688	-0.000396243
689	0.000438796
690	0.00126954
691	0.00209639
692	0.00291969
693	0.00373993
694	0.00455752
695	0.00537303
696	0.00618697
697	0.00699998
698	0.00781268
699	0.00862579
700	0.00944003
701	0.0102562
702	0.0110752
703	0.0118979
704	0.0127251
705	0.0135581
706	0.0143977
707	0.0152452
708	0.0161016
709	0.0169683
710	0.0178464
711	0.0187374
712	0.0196425
713	0.0205633
714	0.0215012
715	0.0224577
716	0.0234345
717	0.024433
718	0.0254551
719	0.0265024
720	0.0275766
721	0.0286794
722	0.0298128
723	0.0309784
724	0.0321782
725	0.0334139
726	0.0346875
727	0.0360009
728	0.0373559
729	0.0387544
730	0.0401982
731	0.0416894
732	0.0432297
733	0.044821
734	0.046465
735	0.0481638
736	0.0499189
737	0.0517322
738	0.0536053
739	0.0555401
740	0.057538
741	0.0596008
742	0.0617298
743	0.0639268
744	0.0661931
745	0.0685301
746	0.0709392
747	0.0734217
748	0.0759787
749	0.0786116
750	0.0813215
751	0.0841093
752	0.0869762
753	0.089923
754	0.0929507
755	0.0960602
756	0.0992521
757	0.102527
758	0.105886
759	0.10933
760	0.112859
761	0.116473
762	0.120173
763	0.12396
764	0.127834
765	0.131795
766	0.135843
767	0.13998
768	0.144204
769	0.148516
770	0.152916
771	0.157404
772	0.161981
773	0.166646
774	0.171399
775	0.17624
776	0.181169
777	0.186186
778	0.19129
779	0.196482
780	0.201761
781	0.207127
782	0.212579
783	0.218118
784	0.223742
785	0.229451
786	0.235246
787	0.241124
788	0.247086
789	0.253131
790	0.259259
791	0.265468
792	0.271758
793	0.278129
794	0.284578
795	0.291106
796	0.297712
797	0.304394
798	0.311151
799	0.317982
800	0.324887
801	0.331864
802	0.338911
803	0.346027
804	0.353211
805	0.360462
806	0.367777
807	0.375156
808	0.382595
809	0.390095
810	0.397653
811	0.405267
812	0.412935
813	0.420655
814	0.428425
815	0.436244
816	0.444108
817	0.452016
818	0.459965
819	0.467953
820	0.475978
821	0.484037
822	0.492128
823	0.500247
824	0.508394
825	0.516564
826	0.524755
827	0.532965
828	0.541191
829	0.549431
830	0.55768
831	0.565937
832	0.574199
833	0.582463
834	0.590726
835	0.598985
836	0.607238
837	0.615482
838	0.623713
839	0.63193
840	0.640129
841	0.648309
842	0.656465
843	0.664595
844	0.672697
845	0.680769
846	0.688807
847	0.696809
848	0.704773
849	0.712696
850	0.720576
851	0.72841
852	0.736197
853	0.743935
854	0.75162
855	0.759252
856	0.766828
857	0.774346
858	0.781805
859	0.789203
860	0.796538
861	0.803809
862	0.811014
863	0.818151
864	0.82522
865	0.832219
866	0.839147
867	0.846002
868	0.852784
869	0.859492
870	0.866125
871	0.872681
872	0.879161
873	0.885563
874	0.891887
875	0.898132
876	0.904297
877	0.910382
878	0.916387
879	0.92231
880	0.928153
881	0.933914
882	0.939592
883	0.945188
884	0.950702
885	0.956133
886	0.96148
887	0.966744
888	0.971924
889	0.97702
890	0.982032
891	0.986959
892	0.991801
893	0.996558
894	1.00123
895	1.00581
896	1.01031
897	1.01473
898	1.01905
899	1.02329
900	1.02744
901	1.03149
902	1.03546
903	1.03934
904	1.04313
905	1.04682
906	1.05042
907	1.05393
908	1.05734
909	1.06065
910	1.06387
911	1.06699
912	1.07
913	1.07291
914	1.07572
915	1.07842
916	1.08102
917	1.0835
918	1.08587
919	1.08813
920	1.09028
921	1.0923
922	1.09421
923	1.09599
924	1.09765
925	1.09918
926	1.10059
927	1.10186
928	1.10299
929	1.10399
930	1.10485
931	1.10557
932	1.10614
933	1.10656
934	1.10684
935	1.10696
936	1.10692
937	1.10673
938	1.10637
939	1.10586
940	1.10517
941	1.10432
942	1.1033
943	1.1021
944	1.10073
945	1.09918
946	1.09745
947	1.09554
948	1.09344
949	1.09116
950	1.0887
951	1.08604
952	1.08319
953	1.08016
954	1.07693
955	1.0735
956	1.06989
957	1.06607
958	1.06206
959	1.05786
960	1.05346
961	1.04887
962	1.04407
963	1.03909
964	1.03391
965	1.02853
966	1.02297
967	1.01721
968	1.01126
969	1.00513
970	0.998803
971	0.992297
972	0.985609
973	0.978741
974	0.971696
975	0.964478
976	0.957089
977	0.949533
978	0.941813
979	0.933933
980	0.925897
981	0.917708
982	0.909372
983	0.900893
984	0.892275
985	0.883523
986	0.874642
987	0.865638
988	0.856515
989	0.847279
990	0.837936
991	0.828492
992	0.818952
993	0.809323
994	0.79961
995	0.78982
996	0.779959
997	0.770033
998	0.76005
999	0.750015
1000	0.739936
1001	0.729819
1002	0.71967
1003	0.709498
1004	0.699308
1005	0.689108
1006	0.678904
1007	0.668703
1008	0.658513
1009	0.648341
1010	0.638192
1011	0.628075
1012	0.617996
1013	0.607962
1014	0.59798
1015	0.588056
1016	0.578198
1017	0.568412
1018	0.558704
1019	0.549081
1020	0.53955
1021	0.530117
1022	0.520788
1023	0.511569
1024	0.502467
1025	0.493487
1026	0.484635
1027	0.475917
1028	0.467338
1029	0.458904
1030	0.450619
1031	0.44249
1032	0.434522
1033	0.426718
1034	0.419084
1035	0.411624
1036	0.404342
1037	0.397244
1038	0.390332
1039	0.38361
1040	0.377083
1041	0.370754
1042	0.364626
1043	0.358702
1044	0.352985
1045	0.347478
1046	0.342183
1047	0.337103
1048	0.33224
1049	0.327596
1050	0.323172
1051	0.318971
1052	0.314994
1053	0.311242
1054	0.307716
1055	0.304416
1056	0.301344
1057	0.2985
1058	0.295884
1059	0.293496
1060	0.291336
1061	0.289404
1062	0.287699
1063	0.286221
1064	0.284969
1065	0.283941
1066	0.283137
1067	0.282555
1068	0.282193
1069	0.282051
1070	0.282125
1071	0.282414
1072	0.282916
1073	0.283629
1074	0.284549
1075	0.285675
1076	0.287003
1077	0.288531
1078	0.290256
1079	0.292174
1080	0.294282
1081	0.296577
1082	0.299055
1083	0.301713
1084	0.304547
1085	0.307553
1086	0.310727
1087	0.314065
1088	0.317563
1089	0.321218
1090	0.325024
1091	0.328977
1092	0.333074
1093	0.337309
1094	0.341679
1095	0.346178
1096	0.350802
1097	0.355547
1098	0.360408
1099	0.36538
1100	0.370459
1101	0.37564
1102	0.380918
1103	0.386288
1104	0.391747
1105	0.397288
1106	0.402908
1107	0.408602
1108	0.414365
1109	0.420192
1110	0.42608
1111	0.432022
1112	0.438015
1113	0.444054
1114	0.450135
1115	0.456253
1116	0.462404
1117	0.468583
1118	0.474786
1119	0.481009
1120	0.487248
1121	0.493498
1122	0.499756
1123	0.506017
1124	0.512278
1125	0.518534
1126	0.524783
1127	0.531019
1128	0.537241
1129	0.543443
1130	0.549623
1131	0.555776
1132	0.561901
1133	0.567994
1134	0.574051
1135	0.580069
1136	0.586046
1137	0.591979
1138	0.597865
1139	0.603701
1140	0.609485
1141	0.615213
1142	0.620885
1143	0.626497
1144	0.632048
1145	0.637534
1146	0.642955
1147	0.648308
1148	0.653591
1149	0.658803
1150	0.663942
1151	0.669006
1152	0.673994
1153	0.678905
1154	0.683737
1155	0.688488
1156	0.693159
1157	0.697747
1158	0.702253
1159	0.706674
1160	0.71101
1161	0.715261
1162	0.719426
1163	0.723504
1164	0.727494
1165	0.731397
1166	0.735212
1167	0.738938
1168	0.742575
1169	0.746124
1170	0.749584
1171	0.752955
1172	0.756238
1173	0.759431
1174	0.762536
1175	0.765552
1176	0.76848
1177	0.771321
1178	0.774073
1179	0.776739
1180	0.779317
1181	0.78181
1182	0.784216
1183	0.786537
1184	0.788774
1185	0.790927
1186	0.792996
1187	0.794982
1188	0.796887
1189	0.79871
1190	0.800453
1191	0.802116
1192	0.803701
1193	0.805207
1194	0.806636
1195	0.807989
1196	0.809267
1197	0.81047
1198	0.811599
1199	0.812656
1200	0.813641
1201	0.814555
1202	0.8154
1203	0.816176
1204	0.816883
1205	0.817524
1206	0.818099
1207	0.81861
1208	0.819056
1209	0.819439
1210	0.81976
1211	0.820021
1212	0.820221
1213	0.820362
1214	0.820446
1215	0.820472
1216	0.820442
1217	0.820357
1218	0.820218
1219	0.820025
1220	0.819781
1221	0.819485
1222	0.819138
1223	0.818742
1224	0.818297
1225	0.817805
1226	0.817266
1227	0.816681
1228	0.816051
1229	0.815376
1230	0.814658
1231	0.813898
1232	0.813096
1233	0.812253
1234	0.81137
1235	0.810448
1236	0.809487
1237	0.808488
1238	0.807452
1239	0.80638
1240	0.805273
1241	0.80413
1242	0.802954
1243	0.801743
1244	0.800501
1245	0.799225
1246	0.797919
1247	0.796582
1248	0.795214
1249	0.793817
1250	0.792391
1251	0.790936
1252	0.789453
1253	0.787944
1254	0.786407
1255	0.784844
1256	0.783256
1257	0.781643
1258	0.780004
1259	0.778342
1260	0.776656
1261	0.774947
1262	0.773215
1263	0.771461
1264	0.769685
1265	0.767887
1266	0.766069
1267	0.764229
1268	0.76237
1269	0.760491
1270	0.758592
1271	0.756674
1272	0.754738
1273	0.752783
1274	0.75081
1275	0.748819
1276	0.746811
1277	0.744785
1278	0.742743
1279	0.740684
1280	0.73861
1281	0.736519
1282	0.734412
1283	0.73229
1284	0.730153
1285	0.728001
1286	0.725834
1287	0.723652
1288	0.721457
1289	0.719247
1290	0.717023
1291	0.714786
1292	0.712535
1293	0.710271
1294	0.707994
1295	0.705704
1296	0.703401
1297	0.701086
1298	0.698758
1299	0.696418
1300	0.694066
1301	0.691701
1302	0.689326
1303	0.686938
1304	0.684539
1305	0.682128
1306	0.679706
1307	0.677273
1308	0.674829
1309	0.672374
1310	0.669908
1311	0.667431
1312	0.664944
1313	0.662447
1314	0.659939
1315	0.657421
1316	0.654893
1317	0.652355
1318	0.649807
1319	0.647249
1320	0.644682
1321	0.642105
1322	0.639519
1323	0.636923
1324	0.634319
1325	0.631705
1326	0.629083
1327	0.626452
1328	0.623812
1329	0.621164
1330	0.618508
1331	0.615844
1332	0.613171
1333	0.610491
1334	0.607803
1335	0.605108
1336	0.602406
1337	0.599696
1338	0.59698
1339	0.594257
1340	0.591527
1341	0.588792
1342	0.58605
1343	0.583303
1344	0.58055
1345	0.577792
1346	0.575028
1347	0.57226
1348	0.569488
1349	0.566711
1350	0.563931
1351	0.561147
1352	0.558359
1353	0.555568
1354	0.552775
1355	0.54998
1356	0.547182
1357	0.544382
1358	0.541582
1359	0.53878
1360	0.535978
1361	0.533175
1362	0.530372
1363	0.52757
1364	0.524769
1365	0.521969
1366	0.51917
1367	0.516374
1368	0.51358
1369	0.510789
1370	0.508001
1371	0.505216
1372	0.502436
1373	0.49966
1374	0.496889
1375	0.494123
1376	0.491363
1377	0.48861
1378	0.485862
1379	0.483122
1380	0.480389
1381	0.477664
1382	0.474947
1383	0.472239
1384	0.46954
1385	0.46685
1386	0.46417
1387	0.4615
1388	0.458841
1389	0.456193
1390	0.453556
1391	0.450931
1392	0.448319
1393	0.445718
1394	0.443131
1395	0.440557
1396	0.437996
1397	0.435449
1398	0.432916
1399	0.430398
1400	0.427894
1401	0.425405
1402	0.422932
1403	0.420475
1404	0.418033
1405	0.415607
1406	0.413197
1407	0.410804
1408	0.408428
1409	0.406069
1410	0.403726
1411	0.401401
1412	0.399094
1413	0.396803
1414	0.394531
1415	0.392276
1416	0.390039
1417	0.38782
1418	0.385619
1419	0.383436
1420	0.381271
1421	0.379124
1422	0.376995
1423	0.374885
1424	0.372792
1425	0.370718
1426	0.368661
1427	0.366623
1428	0.364602
1429	0.362599
1430	0.360613
1431	0.358646
1432	0.356695
1433	0.354762
1434	0.352846
1435	0.350947
1436	0.349065
1437	0.347199
1438	0.345349
1439	0.343516
1440	0.341699
1441	0.339897
1442	0.33811
1443	0.336339
1444	0.334583
1445	0.332841
1446	0.331113
1447	0.3294
1448	0.3277
1449	0.326013
1450	0.32434
1451	0.322679
1452	0.32103
1453	0.319394
1454	0.317769
1455	0.316155
1456	0.314552
1457	0.31296
1458	0.311378
1459	0.309805
1460	0.308242
1461	0.306688
1462	0.305142
1463	0.303605
1464	0.302075
1465	0.300552
1466	0.299037
1467	0.297528
1468	0.296025
1469	0.294528
1470	0.293036
1471	0.291549
1472	0.290066
1473	0.288587
1474	0.287112
1475	0.285641
1476	0.284172
1477	0.282705
1478	0.281241
1479	0.279778
1480	0.278316
1481	0.276855
1482	0.275394
1483	0.273934
1484	0.272473
1485	0.271012
1486	0.269549
1487	0.268085
1488	0.266619
1489	0.265151
1490	0.26368
1491	0.262207
1492	0.26073
1493	0.25925
1494	0.257766
1495	0.256278
1496	0.254785
1497	0.253288
1498	0.251786
1499	0.250278
1500	0.248765
1501	0.247245
1502	0.24572
1503	0.244188
1504	0.24265
1505	0.241105
1506	0.239552
1507	0.237993
1508	0.236426
1509	0.234851
1510	0.233268
1511	0.231677
1512	0.230078
1513	0.228471
1514	0.226855
1515	0.22523
1516	0.223597
1517	0.221954
1518	0.220303
1519	0.218642
1520	0.216972
1521	0.215293
1522	0.213604
1523	0.211906
1524	0.210198
1525	0.20848
1526	0.206753
1527	0.205016
1528	0.203269
1529	0.201513
1530	0.199747
1531	0.197971
1532	0.196185
1533	0.194389
1534	0.192584
1535	0.190769
1536	0.188944
1537	0.187109
1538	0.185265
1539	0.183411
1540	0.181548
1541	0.179675
1542	0.177793
1543	0.175902
1544	0.174001
1545	0.172091
1546	0.170172
1547	0.168245
1548	0.166308
1549	0.164363
1550	0.162409
1551	0.160446
1552	0.158475
1553	0.156496
1554	0.154509
1555	0.152514
1556	0.150511
1557	0.1485
1558	0.146481
1559	0.144456
1560	0.142423
1561	0.140382
1562	0.138335
1563	0.136281
1564	0.13422
1565	0.132153
1566	0.130079
1567	0.128
1568	0.125914
1569	0.123822
1570	0.121725
1571	0.119622
1572	0.117513
1573	0.1154
1574	0.113281
1575	0.111157
1576	0.109029
1577	0.106896
1578	0.104758
1579	0.102616
1580	0.10047
1581	0.0983202
1582	0.0961664
1583	0.0940088
1584	0.0918477
1585	0.0896832
1586	0.0875153
1587	0.0853443
1588	0.0831703
1589	0.0809934
1590	0.0788137
1591	0.0766314
1592	0.0744466
1593	0.0722593
1594	0.0700698
1595	0.067878
1596	0.0656842
1597	0.0634883
1598	0.0612906
1599	0.059091
1600	0.0568897
1601	0.0546868
1602	0.0524823
1603	0.0502763
1604	0.0480689
1605	0.04586
1606	0.0436499
1607	0.0414385
1608	0.0392259
1609	0.0370121
1610	0.0347971
1611	0.032581
1612	0.0303639
1613	0.0281456
1614	0.0259263
1615	0.023706
1616	0.0214846
1617	0.0192622
1618	0.0170388
1619	0.0148143
1620	0.0125887
1621	0.0103621
1622	0.00813435
1623	0.00590549
1624	0.00367549
1625	0.00144429
1626	-0.000788128
1627	-0.00302181
1628	-0.00525679
1629	-0.00749313
1630	-0.00973087
1631	-0.0119701
1632	-0.0142107
1633	-0.016453
1634	-0.0186969
1635	-0.0209424
1636	-0.0231897
1637	-0.0254388
1638	-0.0276897
1639	-0.0299425
1640	-0.0321973
1641	-0.0344541
1642	-0.0367131
1643	-0.0389741
1644	-0.0412374
1645	-0.0435029
1646	-0.0457707
1647	-0.0480408
1648	-0.0503133
1649	-0.0525883
1650	-0.0548657
1651	-0.0571456
1652	-0.0594279
1653	-0.0617128
1654	-0.0640003
1655	-0.0662902
1656	-0.0685827
1657	-0.0708777
1658	-0.0731752
1659	-0.0754752
1660	-0.0777776
1661	-0.0800824
1662	-0.0823896
1663	-0.084699
1664	-0.0870106
1665	-0.0893243
1666	-0.09164
1667	-0.0939577
1668	-0.0962771
1669	-0.0985982
1670	-0.100921
1671	-0.103245
1672	-0.10557
1673	-0.107896
1674	-0.110223
1675	-0.112551
1676	-0.114879
1677	-0.117207
1678	-0.119535
1679	-0.121863
1680	-0.124191
1681	-0.126517
1682	-0.128843
1683	-0.131167
1684	-0.133489
1685	-0.13581
1686	-0.138128
1687	-0.140443
1688	-0.142755
1689	-0.145064
1690	-0.14737
1691	-0.149671
1692	-0.151967
1693	-0.154259
1694	-0.156546
1695	-0.158827
1696	-0.161102
1697	-0.16337
1698	-0.165632
1699	-0.167886
1700	-0.170133
1701	-0.172372
1702	-0.174602
1703	-0.176823
1704	-0.179035
1705	-0.181237
1706	-0.18343
1707	-0.185611
1708	-0.187782
1709	-0.189942
1710	-0.192089
1711	-0.194225
1712	-0.196348
1713	-0.198459
1714	-0.200556
1715	-0.20264
1716	-0.204709
1717	-0.206765
1718	-0.208806
1719	-0.210832
1720	-0.212843
1721	-0.214838
1722	-0.216818
1723	-0.218781
1724	-0.220729
1725	-0.222659
1726	-0.224573
1727	-0.22647
1728	-0.22835
1729	-0.230212
1730	-0.232057
1731	-0.233884
1732	-0.235693
1733	-0.237484
1734	-0.239256
1735	-0.241011
1736	-0.242747
1737	-0.244464
1738	-0.246163
1739	-0.247843
1740	-0.249504
1741	-0.251147
1742	-0.252771
1743	-0.254376
1744	-0.255962
1745	-0.25753
1746	-0.259078
1747	-0.260608
1748	-0.26212
1749	-0.263612
1750	-0.265086
1751	-0.266542
1752	-0.267979
1753	-0.269398
1754	-0.270798
1755	-0.272181
1756	-0.273545
1757	-0.274892
1758	-0.276221
1759	-0.277532
1760	-0.278826
1761	-0.280102
1762	-0.281362
1763	-0.282604
1764	-0.28383
1765	-0.285039
1766	-0.286232
1767	-0.287408
1768	-0.288569
1769	-0.289714
1770	-0.290843
1771	-0.291957
1772	-0.293056
1773	-0.29414
1774	-0.295209
1775	-0.296263
1776	-0.297304
1777	-0.29833
1778	-0.299343
1779	-0.300342
1780	-0.301328
1781	-0.302301
1782	-0.303261
1783	-0.304209
1784	-0.305144
1785	-0.306068
1786	-0.30698
1787	-0.30788
1788	-0.308769
1789	-0.309647
1790	-0.310515
1791	-0.311372
1792	-0.312219
1793	-0.313056
1794	-0.313883
1795	-0.314702
1796	-0.315511
1797	-0.316312
1798	-0.317104
1799	-0.317888
1800	-0.318665
1801	-0.319434
1802	-0.320195
1803	-0.32095
1804	-0.321698
1805	-0.32244
1806	-0.323175
1807	-0.323905
1808	-0.32463
1809	-0.325349
1810	-0.326063
1811	-0.326773
1812	-0.327479
1813	-0.328181
1814	-0.32888
1815	-0.329575
1816	-0.330267
1817	-0.330957
1818	-0.331644
1819	-0.33233
1820	-0.333014
1821	-0.333696
1822	-0.334378
1823	-0.335059
1824	-0.335739
1825	-0.33642
1826	-0.337101
1827	-0.337783
1828	-0.338466
1829	-0.33915
1830	-0.339836
1831	-0.340524
1832	-0.341214
1833	-0.341907
1834	-0.342603
1835	-0.343303
1836	-0.344006
1837	-0.344713
1838	-0.345425
1839	-0.346141
1840	-0.346862
1841	-0.347589
1842	-0.348321
1843	-0.34906
1844	-0.349805
1845	-0.350556
1846	-0.351315
1847	-0.352081
1848	-0.352854
1849	-0.353636
1850	-0.354425
1851	-0.355224
1852	-0.356031
1853	-0.356847
1854	-0.357672
1855	-0.358508
1856	-0.359353
1857	-0.360209
1858	-0.361075
1859	-0.361952
1860	-0.362841
1861	-0.36374
1862	-0.364651
1863	-0.365574
1864	-0.366509
1865	-0.367457
1866	-0.368416
1867	-0.369389
1868	-0.370374
1869	-0.371373
1870	-0.372385
1871	-0.37341
1872	-0.37445
1873	-0.375503
1874	-0.376569
1875	-0.377651
1876	-0.378746
1877	-0.379856
1878	-0.38098
1879	-0.382119
1880	-0.383273
1881	-0.384441
1882	-0.385624
1883	-0.386823
1884	-0.388036
1885	-0.389264
1886	-0.390508
1887	-0.391766
1888	-0.39304
1889	-0.394329
1890	-0.395633
1891	-0.396952
1892	-0.398286
1893	-0.399636
1894	-0.401
1895	-0.402379
1896	-0.403773
1897	-0.405182
1898	-0.406606
1899	-0.408044
1900	-0.409497
1901	-0.410964
1902	-0.412445
1903	-0.413941
1904	-0.41545
1905	-0.416973
1906	-0.41851
1907	-0.42006
1908	-0.421624
1909	-0.4232
1910	-0.42479
1911	-0.426392
1912	-0.428007
1913	-0.429634
1914	-0.431272
1915	-0.432923
1916	-0.434585
1917	-0.436259
1918	-0.437943
1919	-0.439638
1920	-0.441344
1921	-0.443059
1922	-0.444785
1923	-0.44652
1924	-0.448265
1925	-0.450019
1926	-0.451781
1927	-0.453553
1928	-0.455332
1929	-0.457119
1930	-0.458914
1931	-0.460716
1932	-0.462525
1933	-0.464341
1934	-0.466163
1935	-0.467991
1936	-0.469825
1937	-0.471665
1938	-0.473509
1939	-0.475359
1940	-0.477213
1941	-0.479072
1942	-0.480935
1943	-0.482801
1944	-0.484671
1945	-0.486544
1946	-0.48842
1947	-0.490299
1948	-0.49218
1949	-0.494064
1950	-0.495949
1951	-0.497836
1952	-0.499724
1953	-0.501614
1954	-0.503504
1955	-0.505395
1956	-0.507287
1957	-0.509179
1958	-0.511071
1959	-0.512963
1960	-0.514855
1961	-0.516747
1962	-0.518637
1963	-0.520527
1964	-0.522416
1965	-0.524304
1966	-0.52619
1967	-0.528075
1968	-0.529959
1969	-0.531841
1970	-0.533721
1971	-0.535599
1972	-0.537475
1973	-0.539348
1974	-0.54122
1975	-0.543089
1976	-0.544956
1977	-0.54682
1978	-0.548681
1979	-0.55054
1980	-0.552396
1981	-0.554249
1982	-0.556099
1983	-0.557946
1984	-0.55979
1985	-0.561631
1986	-0.563468
1987	-0.565302
1988	-0.567133
1989	-0.56896
1990	-0.570783
1991	-0.572603
1992	-0.57442
1993	-0.576232
1994	-0.57804
1995	-0.579845
1996	-0.581645
1997	-0.583441
1998	-0.585233
1999	-0.587021
2000	-0.588803
2001	-0.590582
2002	-0.592355
2003	-0.594123
2004	-0.595886
2005	-0.597644
2006	-0.599396
2007	-0.601143
2008	-0.602883
2009	-0.604618
2010	-0.606345
2011	-0.608067
2012	-0.609781
2013	-0.611488
2014	-0.613188
2015	-0.61488
2016	-0.616563
2017	-0.618238
2018	-0.619904
2019	-0.621561
2020	-0.623208
2021	-0.624845
2022	-0.626472
2023	-0.628087
2024	-0.629691
2025	-0.631282
2026	-0.632862
2027	-0.634428
2028	-0.63598
2029	-0.637518
2030	-0.639041
2031	-0.640548
2032	-0.64204
2033	-0.643514
2034	-0.644971
2035	-0.646409
2036	-0.647828
2037	-0.649228
2038	-0.650606
2039	-0.651964
2040	-0.653299
2041	-0.65461
2042	-0.655898
2043	-0.657161
2044	-0.658398
2045	-0.659608
2046	-0.66079
2047	-0.661944
2048	-0.663068
2049	-0.664161
2050	-0.665222
2051	-0.666251
2052	-0.667246
2053	-0.668206
2054	-0.66913
2055	-0.670016
2056	-0.670865
2057	-0.671674
2058	-0.672443
2059	-0.67317
2060	-0.673855
2061	-0.674495
2062	-0.675091
2063	-0.67564
2064	-0.676142
2065	-0.676595
2066	-0.676999
2067	-0.677352
2068	-0.677652
2069	-0.6779
2070	-0.678092
2071	-0.67823
2072	-0.678311
2073	-0.678333
2074	-0.678297
2075	-0.678201
2076	-0.678043
2077	-0.677823
2078	-0.67754
2079	-0.677192
2080	-0.676778
2081	-0.676298
2082	-0.67575
2083	-0.675134
2084	-0.674448
2085	-0.673691
2086	-0.672863
2087	-0.671962
2088	-0.670988
2089	-0.66994
2090	-0.668817
2091	-0.667618
2092	-0.666343
2093	-0.66499
2094	-0.663559
2095	-0.66205
2096	-0.660462
2097	-0.658794
2098	-0.657045
2099	-0.655216
2100	-0.653305
2101	-0.651313
2102	-0.649238
2103	-0.647081
2104	-0.644842
2105	-0.642519
2106	-0.640114
2107	-0.637625
2108	-0.635052
2109	-0.632396
2110	-0.629657
2111	-0.626834
2112	-0.623928
2113	-0.620938
2114	-0.617866
2115	-0.614711
2116	-0.611473
2117	-0.608153
2118	-0.604751
2119	-0.601268
2120	-0.597704
2121	-0.59406
2122	-0.590336
2123	-0.586533
2124	-0.582652
2125	-0.578693
2126	-0.574657
2127	-0.570546
2128	-0.566359
2129	-0.562098
2130	-0.557764
2131	-0.553358
2132	-0.548881
2133	-0.544335
2134	-0.539719
2135	-0.535036
2136	-0.530287
2137	-0.525474
2138	-0.520596
2139	-0.515657
2140	-0.510657
2141	-0.505599
2142	-0.500483
2143	-0.495311
2144	-0.490084
2145	-0.484805
2146	-0.479475
2147	-0.474096
2148	-0.46867
2149	-0.463198
2150	-0.457682
2151	-0.452124
2152	-0.446526
2153	-0.44089
2154	-0.435218
2155	-0.429512
2156	-0.423774
2157	-0.418006
2158	-0.412209
2159	-0.406387
2160	-0.40054
2161	-0.394672
2162	-0.388785
2163	-0.38288
2164	-0.376959
2165	-0.371026
2166	-0.365081
2167	-0.359128
2168	-0.353168
2169	-0.347204
2170	-0.341237
2171	-0.335271
2172	-0.329307
2173	-0.323348
2174	-0.317395
2175	-0.311452
2176	-0.305519
2177	-0.2996
2178	-0.293697
2179	-0.287812
2180	-0.281946
2181	-0.276104
2182	-0.270285
2183	-0.264493
2184	-0.25873
2185	-0.252998
2186	-0.247299
2187	-0.241635
2188	-0.236008
2189	-0.230421
2190	-0.224875
2191	-0.219372
2192	-0.213915
2193	-0.208505
2194	-0.203145
2195	-0.197836
2196	-0.19258
2197	-0.18738
2198	-0.182236
2199	-0.177151
2200	-0.172126
2201	-0.167164
2202	-0.162265
2203	-0.157433
2204	-0.152668
2205	-0.147972
2206	-0.143346
2207	-0.138792
2208	-0.134312
2209	-0.129907
2210	-0.125579
2211	-0.121328
2212	-0.117157
2213	-0.113066
2214	-0.109057
2215	-0.105131
2216	-0.101289
2217	-0.0975319
2218	-0.0938615
2219	-0.0902787
2220	-0.0867841
2221	-0.083379
2222	-0.080064
2223	-0.0768402
2224	-0.0737082
2225	-0.070669
2226	-0.0677231
2227	-0.0648713
2228	-0.062114
2229	-0.0594521
2230	-0.0568858
2231	-0.0544158
2232	-0.0520422
2233	-0.0497658
2234	-0.0475865
2235	-0.0455049
2236	-0.0435209
2237	-0.041635
2238	-0.039847
2239	-0.0381573
2240	-0.0365656
2241	-0.0350722
2242	-0.0336766
2243	-0.0323791
2244	-0.0311791
2245	-0.0300768
2246	-0.0290716
2247	-0.0281634
2248	-0.0273516
2249	-0.0266362
2250	-0.0260162
2251	-0.0254915
2252	-0.0250613
2253	-0.0247252
2254	-0.0244824
2255	-0.0243324
2256	-0.0242742
2257	-0.0243074
2258	-0.0244308
2259	-0.0246439
2260	-0.0249454
2261	-0.0253349
2262	-0.025811
2263	-0.026373
2264	-0.0270195
2265	-0.0277498
2266	-0.0285625
2267	-0.0294568
2268	-0.0304312
2269	-0.0314847
2270	-0.0326159
2271	-0.0338238
2272	-0.0351068
2273	-0.0364638
2274	-0.0378933
2275	-0.0393942
2276	-0.0409648
2277	-0.042604
2278	-0.04431
2279	-0.0460817
2280	-0.0479174
2281	-0.0498158
2282	-0.0517752
2283	-0.0537944
2284	-0.0558714
2285	-0.0580051
2286	-0.0601937
2287	-0.0624358
2288	-0.0647296
2289	-0.0670739
2290	-0.0694666
2291	-0.0719066
2292	-0.074392
2293	-0.0769214
2294	-0.079493
2295	-0.0821054
2296	-0.0847568
2297	-0.0874458
2298	-0.0901706
2299	-0.0929299
2300	-0.0957217
2301	-0.0985449
2302	-0.101397
2303	-0.104278
2304	-0.107185
2305	-0.110117
2306	-0.113072
2307	-0.11605
2308	-0.119047
2309	-0.122063
2310	-0.125096
2311	-0.128146
2312	-0.131209
2313	-0.134286
2314	-0.137373
2315	-0.140471
2316	-0.143577
2317	-0.146691
2318	-0.14981
2319	-0.152934
2320	-0.156061
2321	-0.15919
2322	-0.162319
2323	-0.165447
2324	-0.168574
2325	-0.171697
2326	-0.174815
2327	-0.177928
2328	-0.181033
2329	-0.184131
2330	-0.187219
2331	-0.190298
2332	-0.193364
2333	-0.196418
2334	-0.199459
2335	-0.202485
2336	-0.205495
2337	-0.208489
2338	-0.211464
2339	-0.214422
2340	-0.21736
2341	-0.220277
2342	-0.223174
2343	-0.226048
2344	-0.228899
2345	-0.231726
2346	-0.234529
2347	-0.237306
2348	-0.240057
2349	-0.242781
2350	-0.245478
2351	-0.248146
2352	-0.250785
2353	-0.253395
2354	-0.255974
2355	-0.258522
2356	-0.261038
2357	-0.263523
2358	-0.265975
2359	-0.268393
2360	-0.270778
2361	-0.273128
2362	-0.275444
2363	-0.277724
2364	-0.279968
2365	-0.282177
2366	-0.284348
2367	-0.286483
2368	-0.28858
2369	-0.290639
2370	-0.29266
2371	-0.294643
2372	-0.296586
2373	-0.298491
2374	-0.300356
2375	-0.302181
2376	-0.303965
2377	-0.30571
2378	-0.307414
2379	-0.309077
2380	-0.310698
2381	-0.312279
2382	-0.313818
2383	-0.315315
2384	-0.31677
2385	-0.318184
2386	-0.319554
2387	-0.320883
2388	-0.322169
2389	-0.323412
2390	-0.324613
2391	-0.325771
2392	-0.326885
2393	-0.327957
2394	-0.328985
2395	-0.329971
2396	-0.330913
2397	-0.331812
2398	-0.332667
2399	-0.333479
2400	-0.334248
2401	-0.334973
2402	-0.335655
2403	-0.336293
2404	-0.336889
2405	-0.337441
2406	-0.337949
2407	-0.338414
2408	-0.338836
2409	-0.339216
2410	-0.339551
2411	-0.339844
2412	-0.340094
2413	-0.340302
2414	-0.340466
2415	-0.340588
2416	-0.340668
2417	-0.340705
2418	-0.3407
2419	-0.340653
2420	-0.340563
2421	-0.340433
2422	-0.34026
2423	-0.340046
2424	-0.339791
2425	-0.339495
2426	-0.339158
2427	-0.33878
2428	-0.338362
2429	-0.337904
2430	-0.337405
2431	-0.336867
2432	-0.33629
2433	-0.335673
2434	-0.335017
2435	-0.334322
2436	-0.333589
2437	-0.332818
2438	-0.332009
2439	-0.331162
2440	-0.330278
2441	-0.329358
2442	-0.3284
2443	-0.327406
2444	-0.326376
2445	-0.325311
2446	-0.32421
2447	-0.323075
2448	-0.321904
2449	-0.3207
2450	-0.319462
2451	-0.318191
2452	-0.316886
2453	-0.315549
2454	-0.31418
2455	-0.312779
2456	-0.311347
2457	-0.309884
2458	-0.30839
2459	-0.306867
2460	-0.305314
2461	-0.303732
2462	-0.302121
2463	-0.300483
2464	-0.298817
2465	-0.297123
2466	-0.295404
2467	-0.293658
2468	-0.291886
2469	-0.29009
2470	-0.288269
2471	-0.286424
2472	-0.284556
2473	-0.282665
2474	-0.280751
2475	-0.278816
2476	-0.276859
2477	-0.274882
2478	-0.272885
2479	-0.270869
2480	-0.268833
2481	-0.26678
2482	-0.264708
2483	-0.26262
2484	-0.260515
2485	-0.258394
2486	-0.256258
2487	-0.254108
2488	-0.251943
2489	-0.249765
2490	-0.247574
2491	-0.245371
2492	-0.243157
2493	-0.240932
2494	-0.238696
2495	-0.236451
2496	-0.234197
2497	-0.231935
2498	-0.229665
2499	-0.227388
2500	-0.225104
2501	-0.222815
2502	-0.220521
2503	-0.218222
2504	-0.215919
2505	-0.213614
2506	-0.211306
2507	-0.208995
2508	-0.206684
2509	-0.204372
2510	-0.20206
2511	-0.199749
2512	-0.197438
2513	-0.19513
2514	-0.192824
2515	-0.190522
2516	-0.188223
2517	-0.185928
2518	-0.183638
2519	-0.181354
2520	-0.179076
2521	-0.176805
2522	-0.174541
2523	-0.172285
2524	-0.170037
2525	-0.167798
2526	-0.165569
2527	-0.16335
2528	-0.161142
2529	-0.158945
2530	-0.156759
2531	-0.154586
2532	-0.152425
2533	-0.150278
2534	-0.148144
2535	-0.146025
2536	-0.14392
2537	-0.141831
2538	-0.139757
2539	-0.137699
2540	-0.135657
2541	-0.133633
2542	-0.131626
2543	-0.129636
2544	-0.127665
2545	-0.125712
2546	-0.123778
2547	-0.121863
2548	-0.119968
2549	-0.118093
2550	-0.116238
2551	-0.114404
2552	-0.11259
2553	-0.110798
2554	-0.109027
2555	-0.107278
2556	-0.10555
2557	-0.103845
2558	-0.102163
2559	-0.100503
2560	-0.0988658
2561	-0.0972518
2562	-0.095661
2563	-0.0940938
2564	-0.09255
2565	-0.09103
2566	-0.0895338
2567	-0.0880617
2568	-0.0866135
2569	-0.0851897
2570	-0.08379
2571	-0.0824147
2572	-0.0810638
2573	-0.0797374
2574	-0.0784354
2575	-0.077158
2576	-0.0759051
2577	-0.0746767
2578	-0.0734728
2579	-0.0722935
2580	-0.0711386
2581	-0.0700082
2582	-0.0689021
2583	-0.0678204
2584	-0.0667628
2585	-0.0657295
2586	-0.0647201
2587	-0.0637348
2588	-0.0627732
2589	-0.0618354
2590	-0.0609211
2591	-0.0600303
2592	-0.0591627
2593	-0.0583182
2594	-0.0574967
2595	-0.0566979
2596	-0.0559217
2597	-0.0551679
2598	-0.0544361
2599	-0.0537264
2600	-0.0530384
2601	-0.0523719
2602	-0.0517266
2603	-0.0511024
2604	-0.050499
2605	-0.0499161
2606	-0.0493534
2607	-0.0488107
2608	-0.0482878
2609	-0.0477843
2610	-0.0472999
2611	-0.0468344
2612	-0.0463875
2613	-0.0459589
2614	-0.0455483
2615	-0.0451553
2616	-0.0447797
2617	-0.0444212
2618	-0.0440793
2619	-0.043754
2620	-0.0434447
2621	-0.0431512
2622	-0.0428731
2623	-0.0426102
2624	-0.042362
2625	-0.0421284
2626	-0.0419088
2627	-0.0417031
2628	-0.0415108
2629	-0.0413317
2630	-0.0411653
2631	-0.0410115
2632	-0.0408697
2633	-0.0407397
2634	-0.0406212
2635	-0.0405138
2636	-0.0404172
2637	-0.0403311
2638	-0.0402551
2639	-0.0401889
2640	-0.0401322
2641	-0.0400846
2642	-0.0400459
2643	-0.0400157
2644	-0.0399936
2645	-0.0399794
2646	-0.0399728
2647	-0.0399734
2648	-0.0399809
2649	-0.0399951
2650	-0.0400156
2651	-0.0400421
2652	-0.0400744
2653	-0.040112
2654	-0.0401549
2655	-0.0402026
2656	-0.0402549
2657	-0.0403114
2658	-0.0403721
2659	-0.0404364
2660	-0.0405043
2661	-0.0405753
2662	-0.0406494
2663	-0.0407262
2664	-0.0408054
2665	-0.0408868
2666	-0.0409703
2667	-0.0410554
2668	-0.0411421
2669	-0.04123
2670	-0.041319
2671	-0.0414089
2672	-0.0414993
2673	-0.0415901
2674	-0.0416812
2675	-0.0417722
2676	-0.041863
2677	-0.0419534
2678	-0.0420432
2679	-0.0421323
2680	-0.0422203
2681	-0.0423072
2682	-0.0423928
2683	-0.0424769
2684	-0.0425593
2685	-0.0426399
2686	-0.0427185
2687	-0.042795
2688	-0.0428691
2689	-0.0429408
2690	-0.0430099
2691	-0.0430762
2692	-0.0431397
2693	-0.0432001
2694	-0.0432574
2695	-0.0433113
2696	-0.0433619
2697	-0.0434089
2698	-0.0434522
2699	-0.0434917
2700	-0.0435273
2701	-0.0435588
2702	-0.0435862
2703	-0.0436092
2704	-0.043628
2705	-0.0436421
2706	-0.0436518
2707	-0.0436566
2708	-0.0436567
2709	-0.0436518
2710	-0.0436419
2711	-0.0436269
2712	-0.0436066
2713	-0.0435809
2714	-0.0435499
2715	-0.0435133
2716	-0.0434711
2717	-0.0434231
2718	-0.0433693
2719	-0.0433095
2720	-0.0432437
2721	-0.0431718
2722	-0.0430937
2723	-0.0430092
2724	-0.0429183
2725	-0.0428209
2726	-0.042717
2727	-0.0426062
2728	-0.0424887
2729	-0.0423643
2730	-0.0422329
2731	-0.0420944
2732	-0.0419487
2733	-0.0417957
2734	-0.0416354
2735	-0.0414675
2736	-0.0412921
2737	-0.041109
2738	-0.0409181
2739	-0.0407193
2740	-0.0405127
2741	-0.0402978
2742	-0.0400749
2743	-0.0398436
2744	-0.0396041
2745	-0.039356
2746	-0.0390994
2747	-0.0388341
2748	-0.0385602
2749	-0.0382772
2750	-0.0379855
2751	-0.0376846
2752	-0.0373746
2753	-0.0370554
2754	-0.0367269
2755	-0.0363889
2756	-0.0360415
2757	-0.0356844
2758	-0.0353177
2759	-0.0349412
2760	-0.0345549
2761	-0.0341586
2762	-0.0337523
2763	-0.0333359
2764	-0.0329094
2765	-0.0324725
2766	-0.0320254
2767	-0.0315678
2768	-0.0310999
2769	-0.0306213
2770	-0.0301322
2771	-0.0296324
2772	-0.029122
2773	-0.0286007
2774	-0.0280688
2775	-0.0275258
2776	-0.0269721
2777	-0.0264073
2778	-0.0258317
2779	-0.025245
2780	-0.0246473
2781	-0.0240385
2782	-0.0234187
2783	-0.0227878
2784	-0.0221458
2785	-0.0214927
2786	-0.0208286
2787	-0.0201533
2788	-0.019467
2789	-0.0187695
2790	-0.0180611
2791	-0.0173416
2792	-0.0166113
2793	-0.0158698
2794	-0.0151176
2795	-0.0143544
2796	-0.0135805
2797	-0.0127958
2798	-0.0120005
2799	-0.0111945
2800	-0.010378
2801	-0.00955095
2802	-0.00871366
2803	-0.00786596
2804	-0.0070082
2805	-0.00614023
2806	-0.00526241
2807	-0.0043746
2808	-0.00347717
2809	-0.00256998
2810	-0.00165343
2811	-0.000727388
2812	0.000207744
2813	0.00115209
2814	0.00210524
2815	0.0030673
2816	0.00403784
2817	0.00501698
2818	0.00600428
2819	0.00699983
2820	0.0080032
2821	0.00901447
2822	0.0100332
2823	0.0110595
2824	0.0120928
2825	0.0131333
2826	0.0141804
2827	0.0152344
2828	0.0162946
2829	0.0173611
2830	0.0184336
2831	0.019512
2832	0.0205958
2833	0.0216851
2834	0.0227795
2835	0.0238789
2836	0.0249829
2837	0.0260916
2838	0.0272044
2839	0.0283215
2840	0.0294422
2841	0.0305667
2842	0.0316945
2843	0.0328256
2844	0.0339595
2845	0.0350963
2846	0.0362355
2847	0.0373772
2848	0.0385208
2849	0.0396665
2850	0.0408137
2851	0.0419625
2852	0.0431124
2853	0.0442635
2854	0.0454153
2855	0.0465679
2856	0.0477207
2857	0.0488741